method,space,c_trim_empirical,c_elect_empirical,gamma_norm_ratio,merged_l2,source_sum_l2,top_k,drop_rate,seed,scenario,anchor
task_arithmetic,factor,1.0000001192092896,1.0,1.6226534230198886,39.92839813232422,24.606855392456055,0.2,0.5,42,base_logs_plus_qa,
ties,factor,0.20000000298023224,0.346988320350647,0.6479802580853896,15.944756507873535,24.606855392456055,0.2,0.5,42,base_logs_plus_qa,
model_soup,factor,1.0000001192092896,1.0,0.40566335575497214,9.982099533081055,24.606855392456055,0.2,0.5,42,base_logs_plus_qa,
dare+task_arithmetic,factor,0.5000013113021851,0.7500012516975403,2.664320092916259,65.56053924560547,24.606855392456055,0.2,0.5,42,base_logs_plus_qa,
dare+ties,factor,0.20000001788139343,0.35556429624557495,1.659772333771462,40.84177780151367,24.606855392456055,0.2,0.5,42,base_logs_plus_qa,
dare+model_soup,factor,0.5000013113021851,0.7500012516975403,0.6660800232290648,16.390134811401367,24.606855392456055,0.2,0.5,42,base_logs_plus_qa,
task_arithmetic,delta_w,1.0000001192092896,1.0,0.9950988595605065,24.48625373840332,24.606855392456055,0.2,0.5,42,base_logs_plus_qa,
ties,delta_w,0.20000000298023224,0.346988320350647,0.8286042586050361,20.389345169067383,24.606855392456055,0.2,0.5,42,base_logs_plus_qa,
model_soup,delta_w,1.0000001192092896,1.0,0.49754942978025324,12.24312686920166,24.606855392456055,0.2,0.5,42,base_logs_plus_qa,
dare+task_arithmetic,delta_w,0.5000013113021851,0.7500012516975403,1.0174448974384236,25.03611946105957,24.606855392456055,0.2,0.5,42,base_logs_plus_qa,
dare+ties,delta_w,0.20000001788139343,0.35556429624557495,0.9099698560097182,22.391496658325195,24.606855392456055,0.2,0.5,42,base_logs_plus_qa,
dare+model_soup,delta_w,0.5000013113021851,0.7500012516975403,0.5087224487192118,12.518059730529785,24.606855392456055,0.2,0.5,42,base_logs_plus_qa,
task_arithmetic,factor,1.0000001192092896,1.0,1.6438070890268057,41.273197174072266,25.10829734802246,0.2,0.5,42,cpt_anchor_logs_plus_qa,/notebooks/artifacts/adapters/cpt/seed_42/adapter
ties,factor,0.20000003278255463,0.34957408905029297,0.6710578161815663,16.849119186401367,25.10829734802246,0.2,0.5,42,cpt_anchor_logs_plus_qa,/notebooks/artifacts/adapters/cpt/seed_42/adapter
model_soup,factor,1.0000001192092896,1.0,0.41095177225670143,10.318299293518066,25.10829734802246,0.2,0.5,42,cpt_anchor_logs_plus_qa,/notebooks/artifacts/adapters/cpt/seed_42/adapter
dare+task_arithmetic,factor,0.5000013113021851,0.7500013113021851,2.7207740152122697,68.31400299072266,25.10829734802246,0.2,0.5,42,cpt_anchor_logs_plus_qa,/notebooks/artifacts/adapters/cpt/seed_42/adapter
dare+ties,factor,0.20000001788139343,0.35642579197883606,1.7218660102693875,43.233123779296875,25.10829734802246,0.2,0.5,42,cpt_anchor_logs_plus_qa,/notebooks/artifacts/adapters/cpt/seed_42/adapter
dare+model_soup,factor,0.5000013113021851,0.7500013113021851,0.6801935038030674,17.078500747680664,25.10829734802246,0.2,0.5,42,cpt_anchor_logs_plus_qa,/notebooks/artifacts/adapters/cpt/seed_42/adapter
task_arithmetic,delta_w,1.0000001192092896,1.0,0.9944373961702613,24.968629837036133,25.10829734802246,0.2,0.5,42,cpt_anchor_logs_plus_qa,/notebooks/artifacts/adapters/cpt/seed_42/adapter
ties,delta_w,0.20000003278255463,0.34957408905029297,0.837180992160501,21.02018928527832,25.10829734802246,0.2,0.5,42,cpt_anchor_logs_plus_qa,/notebooks/artifacts/adapters/cpt/seed_42/adapter
model_soup,delta_w,1.0000001192092896,1.0,0.49721869808513064,12.484314918518066,25.10829734802246,0.2,0.5,42,cpt_anchor_logs_plus_qa,/notebooks/artifacts/adapters/cpt/seed_42/adapter
dare+task_arithmetic,delta_w,0.5000013113021851,0.7500013113021851,1.0183758269441177,25.569683074951172,25.10829734802246,0.2,0.5,42,cpt_anchor_logs_plus_qa,/notebooks/artifacts/adapters/cpt/seed_42/adapter
dare+ties,delta_w,0.20000001788139343,0.35642579197883606,0.9167661236773471,23.018436431884766,25.10829734802246,0.2,0.5,42,cpt_anchor_logs_plus_qa,/notebooks/artifacts/adapters/cpt/seed_42/adapter
dare+model_soup,delta_w,0.5000013113021851,0.7500013113021851,0.5091879134720588,12.784841537475586,25.10829734802246,0.2,0.5,42,cpt_anchor_logs_plus_qa,/notebooks/artifacts/adapters/cpt/seed_42/adapter
task_arithmetic,factor,1.0000001192092896,1.0,1.6288088391646627,40.45566940307617,24.83757972717285,0.2,0.5,123,base_logs_plus_qa,
ties,factor,0.20000001788139343,0.3467547297477722,0.6641720252080222,16.49642562866211,24.83757972717285,0.2,0.5,123,base_logs_plus_qa,
model_soup,factor,1.0000001192092896,1.0,0.40720220979116567,10.113917350769043,24.83757972717285,0.2,0.5,123,base_logs_plus_qa,
dare+task_arithmetic,factor,0.4999959170818329,0.7499962449073792,2.65243254803681,65.8800048828125,24.83757972717285,0.2,0.5,123,base_logs_plus_qa,
dare+ties,factor,0.20000003278255463,0.35547277331352234,1.6514155802717623,41.01716613769531,24.83757972717285,0.2,0.5,123,base_logs_plus_qa,
dare+model_soup,factor,0.4999959170818329,0.7499962449073792,0.6631081370092025,16.470001220703125,24.83757972717285,0.2,0.5,123,base_logs_plus_qa,
task_arithmetic,delta_w,1.0000001192092896,1.0,0.9941493828350308,24.692264556884766,24.83757972717285,0.2,0.5,123,base_logs_plus_qa,
ties,delta_w,0.20000001788139343,0.3467547297477722,0.8274923792691548,20.552907943725586,24.83757972717285,0.2,0.5,123,base_logs_plus_qa,
model_soup,delta_w,1.0000001192092896,1.0,0.4970746914175154,12.346132278442383,24.83757972717285,0.2,0.5,123,base_logs_plus_qa,
dare+task_arithmetic,delta_w,0.4999959170818329,0.7499962449073792,1.0182433711448546,25.290700912475586,24.83757972717285,0.2,0.5,123,base_logs_plus_qa,
dare+ties,delta_w,0.20000003278255463,0.35547277331352234,0.9074001049758313,22.537622451782227,24.83757972717285,0.2,0.5,123,base_logs_plus_qa,
dare+model_soup,delta_w,0.4999959170818329,0.7499962449073792,0.5091216855724273,12.645350456237793,24.83757972717285,0.2,0.5,123,base_logs_plus_qa,
task_arithmetic,factor,1.0000001192092896,1.0,1.620282830020024,39.67674255371094,24.48754119873047,0.2,0.5,123,cpt_anchor_logs_plus_qa,/notebooks/artifacts/adapters/cpt/seed_123/adapter
ties,factor,0.20000000298023224,0.3487266004085541,0.6651085436300933,16.28687286376953,24.48754119873047,0.2,0.5,123,cpt_anchor_logs_plus_qa,/notebooks/artifacts/adapters/cpt/seed_123/adapter
model_soup,factor,1.0000001192092896,1.0,0.405070707505006,9.919185638427734,24.48754119873047,0.2,0.5,123,cpt_anchor_logs_plus_qa,/notebooks/artifacts/adapters/cpt/seed_123/adapter
dare+task_arithmetic,factor,0.4999959170818329,0.7499962449073792,2.7000761146686334,66.11822509765625,24.48754119873047,0.2,0.5,123,cpt_anchor_logs_plus_qa,/notebooks/artifacts/adapters/cpt/seed_123/adapter
dare+ties,factor,0.20000000298023224,0.35605552792549133,1.690718964267232,41.40155029296875,24.48754119873047,0.2,0.5,123,cpt_anchor_logs_plus_qa,/notebooks/artifacts/adapters/cpt/seed_123/adapter
dare+model_soup,factor,0.4999959170818329,0.7499962449073792,0.6750190286671583,16.529556274414062,24.48754119873047,0.2,0.5,123,cpt_anchor_logs_plus_qa,/notebooks/artifacts/adapters/cpt/seed_123/adapter
task_arithmetic,delta_w,1.0000001192092896,1.0,0.9954781406336117,24.376811981201172,24.48754119873047,0.2,0.5,123,cpt_anchor_logs_plus_qa,/notebooks/artifacts/adapters/cpt/seed_123/adapter
ties,delta_w,0.20000000298023224,0.3487266004085541,0.833411847031637,20.408206939697266,24.48754119873047,0.2,0.5,123,cpt_anchor_logs_plus_qa,/notebooks/artifacts/adapters/cpt/seed_123/adapter
model_soup,delta_w,1.0000001192092896,1.0,0.49773907031680586,12.188405990600586,24.48754119873047,0.2,0.5,123,cpt_anchor_logs_plus_qa,/notebooks/artifacts/adapters/cpt/seed_123/adapter
dare+task_arithmetic,delta_w,0.4999959170818329,0.7499962449073792,1.014521451219782,24.843135833740234,24.48754119873047,0.2,0.5,123,cpt_anchor_logs_plus_qa,/notebooks/artifacts/adapters/cpt/seed_123/adapter
dare+ties,delta_w,0.20000000298023224,0.35605552792549133,0.9119395656385423,22.331157684326172,24.48754119873047,0.2,0.5,123,cpt_anchor_logs_plus_qa,/notebooks/artifacts/adapters/cpt/seed_123/adapter
dare+model_soup,delta_w,0.4999959170818329,0.7499962449073792,0.507260725609891,12.421567916870117,24.48754119873047,0.2,0.5,123,cpt_anchor_logs_plus_qa,/notebooks/artifacts/adapters/cpt/seed_123/adapter
task_arithmetic,factor,1.0000001192092896,1.0,1.6275508757780044,39.75175857543945,24.424280166625977,0.2,0.5,777,base_logs_plus_qa,
ties,factor,0.20000001788139343,0.3469126224517822,0.6533050581877569,15.95650577545166,24.424280166625977,0.2,0.5,777,base_logs_plus_qa,
model_soup,factor,1.0000001192092896,1.0,0.4068877189445011,9.937939643859863,24.424280166625977,0.2,0.5,777,base_logs_plus_qa,
dare+task_arithmetic,factor,0.5000089406967163,0.7500039339065552,2.6589256355757986,64.94234466552734,24.424280166625977,0.2,0.5,777,base_logs_plus_qa,
dare+ties,factor,0.20000000298023224,0.3554113209247589,1.6450905663934243,40.180152893066406,24.424280166625977,0.2,0.5,777,base_logs_plus_qa,
dare+model_soup,factor,0.5000089406967163,0.7500039339065552,0.6647314088939497,16.235586166381836,24.424280166625977,0.2,0.5,777,base_logs_plus_qa,
task_arithmetic,delta_w,1.0000001192092896,1.0,0.9943795397504341,24.287004470825195,24.424280166625977,0.2,0.5,777,base_logs_plus_qa,
ties,delta_w,0.20000001788139343,0.3469126224517822,0.8273930199681274,20.208478927612305,24.424280166625977,0.2,0.5,777,base_logs_plus_qa,
model_soup,delta_w,1.0000001192092896,1.0,0.49718976987521707,12.143502235412598,24.424280166625977,0.2,0.5,777,base_logs_plus_qa,
dare+task_arithmetic,delta_w,0.5000089406967163,0.7500039339065552,1.0195030095607642,24.90062713623047,24.424280166625977,0.2,0.5,777,base_logs_plus_qa,
dare+ties,delta_w,0.20000000298023224,0.3554113209247589,0.9113320308055449,22.258628845214844,24.424280166625977,0.2,0.5,777,base_logs_plus_qa,
dare+model_soup,delta_w,0.5000089406967163,0.7500039339065552,0.5097515047803821,12.450313568115234,24.424280166625977,0.2,0.5,777,base_logs_plus_qa,
task_arithmetic,factor,1.0000001192092896,1.0,1.6213527942108212,38.910797119140625,23.99897003173828,0.2,0.5,777,cpt_anchor_logs_plus_qa,/notebooks/artifacts/adapters/cpt/seed_777/adapter
ties,factor,0.20000000298023224,0.3487791419029236,0.6690664526529656,16.05690574645996,23.99897003173828,0.2,0.5,777,cpt_anchor_logs_plus_qa,/notebooks/artifacts/adapters/cpt/seed_777/adapter
model_soup,factor,1.0000001192092896,1.0,0.4053381985527053,9.727699279785156,23.99897003173828,0.2,0.5,777,cpt_anchor_logs_plus_qa,/notebooks/artifacts/adapters/cpt/seed_777/adapter
dare+task_arithmetic,factor,0.5000089406967163,0.7500039339065552,2.7074271846357747,64.9754638671875,23.99897003173828,0.2,0.5,777,cpt_anchor_logs_plus_qa,/notebooks/artifacts/adapters/cpt/seed_777/adapter
dare+ties,factor,0.20000000298023224,0.35599327087402344,1.691222767853311,40.58760452270508,23.99897003173828,0.2,0.5,777,cpt_anchor_logs_plus_qa,/notebooks/artifacts/adapters/cpt/seed_777/adapter
dare+model_soup,factor,0.5000089406967163,0.7500039339065552,0.6768567961589437,16.243865966796875,23.99897003173828,0.2,0.5,777,cpt_anchor_logs_plus_qa,/notebooks/artifacts/adapters/cpt/seed_777/adapter
task_arithmetic,delta_w,1.0000001192092896,1.0,0.993379229289994,23.840078353881836,23.99897003173828,0.2,0.5,777,cpt_anchor_logs_plus_qa,/notebooks/artifacts/adapters/cpt/seed_777/adapter
ties,delta_w,0.20000000298023224,0.3487791419029236,0.8367924585284873,20.082157135009766,23.99897003173828,0.2,0.5,777,cpt_anchor_logs_plus_qa,/notebooks/artifacts/adapters/cpt/seed_777/adapter
model_soup,delta_w,1.0000001192092896,1.0,0.496689614644997,11.920039176940918,23.99897003173828,0.2,0.5,777,cpt_anchor_logs_plus_qa,/notebooks/artifacts/adapters/cpt/seed_777/adapter
dare+task_arithmetic,delta_w,0.5000089406967163,0.7500039339065552,1.0190739870034045,24.45672607421875,23.99897003173828,0.2,0.5,777,cpt_anchor_logs_plus_qa,/notebooks/artifacts/adapters/cpt/seed_777/adapter
dare+ties,delta_w,0.20000000298023224,0.35599327087402344,0.9166803365851844,21.9993839263916,23.99897003173828,0.2,0.5,777,cpt_anchor_logs_plus_qa,/notebooks/artifacts/adapters/cpt/seed_777/adapter
dare+model_soup,delta_w,0.5000089406967163,0.7500039339065552,0.5095369935017022,12.228363037109375,23.99897003173828,0.2,0.5,777,cpt_anchor_logs_plus_qa,/notebooks/artifacts/adapters/cpt/seed_777/adapter
