seed,method,adapter,drop_rate,top_k,zero_frac,l2
42,DARE,logs,0.3,,0.2999628186225891,51.21978759765625
42,DARE,qa,0.3,,0.300006240606308,43.810813903808594
42,DARE,logs,0.5,,0.49983224272727966,60.69336700439453
42,DARE,qa,0.5,,0.500067949295044,51.8358039855957
42,DARE,logs,0.7,,0.6999635100364685,78.2456283569336
42,DARE,qa,0.7,,0.7000826597213745,66.89643859863281
42,TIES,merged,,0.1,0.8280329704284668,29.22759246826172
42,TIES,merged,,0.2,0.6826817393302917,34.467952728271484
42,TIES,merged,,0.5,0.3281691372394562,40.11836624145508
123,DARE,logs,0.3,,0.3001128137111664,52.04580307006836
123,DARE,qa,0.3,,0.29999083280563354,43.81574630737305
123,DARE,logs,0.5,,0.5000213384628296,61.60866165161133
123,DARE,qa,0.5,,0.5000088214874268,51.85102844238281
123,DARE,logs,0.7,,0.6999942660331726,79.53150939941406
123,DARE,qa,0.7,,0.7000187635421753,66.94284057617188
123,TIES,merged,,0.1,0.8271220326423645,30.08652114868164
123,TIES,merged,,0.2,0.6809975504875183,35.3267822265625
123,TIES,merged,,0.5,0.32539990544319153,40.77833557128906
777,DARE,logs,0.3,,0.299929141998291,52.00712585449219
777,DARE,qa,0.3,,0.30001387000083923,43.816890716552734
777,DARE,logs,0.5,,0.4999657869338989,61.52253723144531
777,DARE,qa,0.5,,0.5000192523002625,51.856632232666016
777,DARE,logs,0.7,,0.7000226378440857,79.44691467285156
777,DARE,qa,0.7,,0.6998847126960754,66.94847106933594
777,TIES,merged,,0.1,0.8267977833747864,29.998680114746094
777,TIES,merged,,0.2,0.6802513599395752,35.306175231933594
777,TIES,merged,,0.5,0.32412683963775635,40.79779815673828
