model,seed,logs_accuracy,logs_precision_anomaly,logs_recall_anomaly,logs_f1_anomaly,logs_coverage_strict,logs_off_format_rate,logs_pred_anomaly_rate,logs_gold_anomaly_rate,logs_keyword_accuracy_sensitivity,logs_parser,logs_base_adapter_dir,logs_adapter_dir,qa_semantic_similarity_mean,qa_semantic_similarity_std,qa_llm_judge_mean_0_5,qa_llm_judge_std_0_5,qa_judge_invalid_rate,qa_judge_sample_n,qa_judge_model,qa_judge_note,qa_base_adapter_dir,qa_adapter_dir
base,none,0.4748201438848921,0.5347593582887701,0.6289308176100629,0.5780346820809249,0.139,0.861,0.6726618705035972,0.5719424460431655,0.5015,strict_exact_label_primary; keyword_sensitivity_secondary,,,0.6254454851150513,0.16899122297763824,4.913265306122449,0.515205082031842,0.020000000000000018,100,unsloth/Llama-3.1-8B-Instruct,External fixed judge: unsloth/Llama-3.1-8B-Instruct; fixed first 100 examples.,,
cpt,42,0.5515463917525774,0.5515463917525774,1.0,0.7109634551495017,0.09699999999999998,0.903,1.0,0.5515463917525774,0.505,strict_exact_label_primary; keyword_sensitivity_secondary,,/notebooks/artifacts/adapters/cpt/seed_42/adapter,0.6321313381195068,0.16489437222480774,4.695,0.6924413332550274,0.0,100,unsloth/Llama-3.1-8B-Instruct,External fixed judge: unsloth/Llama-3.1-8B-Instruct; fixed first 100 examples.,,/notebooks/artifacts/adapters/cpt/seed_42/adapter
ft_logs,42,0.7666666666666667,0.7666666666666667,1.0,0.8679245283018868,0.42000000000000004,0.58,1.0,0.7666666666666667,0.719,strict_exact_label_primary; keyword_sensitivity_secondary,,/notebooks/artifacts/adapters/logs/seed_42/adapter,0.5837198495864868,0.18129503726959229,4.808080808080808,0.8399948012918452,0.010000000000000009,100,unsloth/Llama-3.1-8B-Instruct,External fixed judge: unsloth/Llama-3.1-8B-Instruct; fixed first 100 examples.,,/notebooks/artifacts/adapters/logs/seed_42/adapter
ft_qa,42,,,,,0.0,1.0,,,0.506,strict_exact_label_primary; keyword_sensitivity_secondary,,/notebooks/artifacts/adapters/qa/seed_42/adapter,0.5904905796051025,0.19292131066322327,3.705,1.307851291240713,0.0,100,unsloth/Llama-3.1-8B-Instruct,External fixed judge: unsloth/Llama-3.1-8B-Instruct; fixed first 100 examples.,,/notebooks/artifacts/adapters/qa/seed_42/adapter
multitask_lora,42,0.6935312831389183,0.6935312831389183,1.0,0.8190356919223544,0.47150000000000003,0.5285,1.0,0.6935312831389183,0.6775,strict_exact_label_primary; keyword_sensitivity_secondary,,/notebooks/artifacts/adapters/multitask/seed_42/adapter,0.5755929946899414,0.20081256330013275,3.355,1.5720925545272455,0.0,100,unsloth/Llama-3.1-8B-Instruct,External fixed judge: unsloth/Llama-3.1-8B-Instruct; fixed first 100 examples.,,/notebooks/artifacts/adapters/multitask/seed_42/adapter
cpt_ft_logs,42,0.7890148212728858,0.8457059679767104,0.810320781032078,0.8276353276353277,0.5735,0.4265,0.5989537925021796,0.6251089799476897,0.735,strict_exact_label_primary; keyword_sensitivity_secondary,/notebooks/artifacts/adapters/cpt/seed_42/adapter,/notebooks/artifacts/adapters/logs_on_cpt/seed_42/adapter,0.63548743724823,0.16254380345344543,4.685,0.8020442631176912,0.0,100,unsloth/Llama-3.1-8B-Instruct,External fixed judge: unsloth/Llama-3.1-8B-Instruct; fixed first 100 examples.,/notebooks/artifacts/adapters/cpt/seed_42/adapter,/notebooks/artifacts/adapters/logs_on_cpt/seed_42/adapter
cpt_ft_qa,42,,,,,0.0,1.0,,,0.5035,strict_exact_label_primary; keyword_sensitivity_secondary,/notebooks/artifacts/adapters/cpt/seed_42/adapter,/notebooks/artifacts/adapters/qa_on_cpt/seed_42/adapter,0.5900821685791016,0.19516131281852722,3.865,1.2305588161481757,0.0,100,unsloth/Llama-3.1-8B-Instruct,External fixed judge: unsloth/Llama-3.1-8B-Instruct; fixed first 100 examples.,/notebooks/artifacts/adapters/cpt/seed_42/adapter,/notebooks/artifacts/adapters/qa_on_cpt/seed_42/adapter
multitask_lora_on_cpt,42,0.7669683257918553,0.771505376344086,0.940983606557377,0.8478581979320532,0.44199999999999995,0.558,0.8416289592760181,0.6900452488687783,0.716,strict_exact_label_primary; keyword_sensitivity_secondary,/notebooks/artifacts/adapters/cpt/seed_42/adapter,/notebooks/artifacts/adapters/multitask_on_cpt/seed_42/adapter,0.569946825504303,0.19912296533584595,3.445,1.4437711037418637,0.0,100,unsloth/Llama-3.1-8B-Instruct,External fixed judge: unsloth/Llama-3.1-8B-Instruct; fixed first 100 examples.,/notebooks/artifacts/adapters/cpt/seed_42/adapter,/notebooks/artifacts/adapters/multitask_on_cpt/seed_42/adapter
cpt,123,0.5515463917525774,0.5515463917525774,1.0,0.7109634551495017,0.09699999999999998,0.903,1.0,0.5515463917525774,0.505,strict_exact_label_primary; keyword_sensitivity_secondary,,/notebooks/artifacts/adapters/cpt/seed_123/adapter,0.6302619576454163,0.16726402938365936,4.68,0.8292164976651151,0.0,100,unsloth/Llama-3.1-8B-Instruct,External fixed judge: unsloth/Llama-3.1-8B-Instruct; fixed first 100 examples.,,/notebooks/artifacts/adapters/cpt/seed_123/adapter
ft_logs,123,0.695977549111319,0.695977549111319,1.0,0.8207391064533922,0.5345,0.4655,1.0,0.695977549111319,0.7045,strict_exact_label_primary; keyword_sensitivity_secondary,,/notebooks/artifacts/adapters/logs/seed_123/adapter,0.6046207547187805,0.17803959548473358,4.76,0.9150956234186676,0.0,100,unsloth/Llama-3.1-8B-Instruct,External fixed judge: unsloth/Llama-3.1-8B-Instruct; fixed first 100 examples.,,/notebooks/artifacts/adapters/logs/seed_123/adapter
ft_qa,123,1.0,1.0,1.0,1.0,0.0010000000000000009,0.999,1.0,1.0,0.5005,strict_exact_label_primary; keyword_sensitivity_secondary,,/notebooks/artifacts/adapters/qa/seed_123/adapter,0.5848488807678223,0.1985386162996292,3.37,1.5773712308775003,0.0,100,unsloth/Llama-3.1-8B-Instruct,External fixed judge: unsloth/Llama-3.1-8B-Instruct; fixed first 100 examples.,,/notebooks/artifacts/adapters/qa/seed_123/adapter
multitask_lora,123,0.7733333333333333,0.7733333333333333,1.0,0.8721804511278195,0.26249999999999996,0.7375,1.0,0.7733333333333333,0.697,strict_exact_label_primary; keyword_sensitivity_secondary,,/notebooks/artifacts/adapters/multitask/seed_123/adapter,0.5775307416915894,0.20090346038341522,3.45,1.5124483462254172,0.0,100,unsloth/Llama-3.1-8B-Instruct,External fixed judge: unsloth/Llama-3.1-8B-Instruct; fixed first 100 examples.,,/notebooks/artifacts/adapters/multitask/seed_123/adapter
cpt_ft_logs,123,0.744794765020821,0.8,0.6666666666666666,0.7272727272727273,0.8405,0.1595,0.42534205829863175,0.5104104699583581,0.714,strict_exact_label_primary; keyword_sensitivity_secondary,/notebooks/artifacts/adapters/cpt/seed_123/adapter,/notebooks/artifacts/adapters/logs_on_cpt/seed_123/adapter,0.6351889371871948,0.16384030878543854,4.615,1.0021352204168856,0.0,100,unsloth/Llama-3.1-8B-Instruct,External fixed judge: unsloth/Llama-3.1-8B-Instruct; fixed first 100 examples.,/notebooks/artifacts/adapters/cpt/seed_123/adapter,/notebooks/artifacts/adapters/logs_on_cpt/seed_123/adapter
cpt_ft_qa,123,,,,,0.0,1.0,,,0.505,strict_exact_label_primary; keyword_sensitivity_secondary,/notebooks/artifacts/adapters/cpt/seed_123/adapter,/notebooks/artifacts/adapters/qa_on_cpt/seed_123/adapter,0.581652045249939,0.19930098950862885,3.58,1.4101772938180501,0.0,100,unsloth/Llama-3.1-8B-Instruct,External fixed judge: unsloth/Llama-3.1-8B-Instruct; fixed first 100 examples.,/notebooks/artifacts/adapters/cpt/seed_123/adapter,/notebooks/artifacts/adapters/qa_on_cpt/seed_123/adapter
multitask_lora_on_cpt,123,0.7263329706202394,0.7904109589041096,0.622437971952535,0.6964393482196741,0.919,0.081,0.397170837867247,0.5043525571273123,0.707,strict_exact_label_primary; keyword_sensitivity_secondary,/notebooks/artifacts/adapters/cpt/seed_123/adapter,/notebooks/artifacts/adapters/multitask_on_cpt/seed_123/adapter,0.5834841132164001,0.20426538586616516,3.635,1.405088965154876,0.0,100,unsloth/Llama-3.1-8B-Instruct,External fixed judge: unsloth/Llama-3.1-8B-Instruct; fixed first 100 examples.,/notebooks/artifacts/adapters/cpt/seed_123/adapter,/notebooks/artifacts/adapters/multitask_on_cpt/seed_123/adapter
cpt,777,0.5515463917525774,0.5515463917525774,1.0,0.7109634551495017,0.09699999999999998,0.903,1.0,0.5515463917525774,0.505,strict_exact_label_primary; keyword_sensitivity_secondary,,/notebooks/artifacts/adapters/cpt/seed_777/adapter,0.633628249168396,0.16380861401557922,4.68,0.7263607918933951,0.0,100,unsloth/Llama-3.1-8B-Instruct,External fixed judge: unsloth/Llama-3.1-8B-Instruct; fixed first 100 examples.,,/notebooks/artifacts/adapters/cpt/seed_777/adapter
ft_logs,777,0.8404423380726699,0.8474025974025974,0.9867674858223062,0.9117903930131004,0.3165,0.6835,0.9731437598736177,0.8357030015797788,0.7285,strict_exact_label_primary; keyword_sensitivity_secondary,,/notebooks/artifacts/adapters/logs/seed_777/adapter,0.623304009437561,0.16755618155002594,4.895,0.48111848852439665,0.0,100,unsloth/Llama-3.1-8B-Instruct,External fixed judge: unsloth/Llama-3.1-8B-Instruct; fixed first 100 examples.,,/notebooks/artifacts/adapters/logs/seed_777/adapter
ft_qa,777,0.925,0.925,1.0,0.961038961038961,0.020000000000000018,0.98,1.0,0.925,0.5005,strict_exact_label_primary; keyword_sensitivity_secondary,,/notebooks/artifacts/adapters/qa/seed_777/adapter,0.5805503129959106,0.19955584406852722,3.625,1.485555451674558,0.0,100,unsloth/Llama-3.1-8B-Instruct,External fixed judge: unsloth/Llama-3.1-8B-Instruct; fixed first 100 examples.,,/notebooks/artifacts/adapters/qa/seed_777/adapter
multitask_lora,777,0.6582633053221288,0.6567164179104478,0.9691629955947136,0.7829181494661922,0.5355,0.4645,0.938375350140056,0.6358543417366946,0.6525,strict_exact_label_primary; keyword_sensitivity_secondary,,/notebooks/artifacts/adapters/multitask/seed_777/adapter,0.5861310958862305,0.20263876020908356,3.7,1.4124446891825535,0.0,100,unsloth/Llama-3.1-8B-Instruct,External fixed judge: unsloth/Llama-3.1-8B-Instruct; fixed first 100 examples.,,/notebooks/artifacts/adapters/multitask/seed_777/adapter
cpt_ft_logs,777,0.801007556675063,0.801007556675063,1.0,0.8895104895104895,0.1985,0.8015,1.0,0.801007556675063,0.7095,strict_exact_label_primary; keyword_sensitivity_secondary,/notebooks/artifacts/adapters/cpt/seed_777/adapter,/notebooks/artifacts/adapters/logs_on_cpt/seed_777/adapter,0.6339707970619202,0.16598331928253174,4.665,0.8156439174051383,0.0,100,unsloth/Llama-3.1-8B-Instruct,External fixed judge: unsloth/Llama-3.1-8B-Instruct; fixed first 100 examples.,/notebooks/artifacts/adapters/cpt/seed_777/adapter,/notebooks/artifacts/adapters/logs_on_cpt/seed_777/adapter
cpt_ft_qa,777,,,,,0.0,1.0,,,0.505,strict_exact_label_primary; keyword_sensitivity_secondary,/notebooks/artifacts/adapters/cpt/seed_777/adapter,/notebooks/artifacts/adapters/qa_on_cpt/seed_777/adapter,0.5763490200042725,0.19349676370620728,3.255,1.5787574227854007,0.0,100,unsloth/Llama-3.1-8B-Instruct,External fixed judge: unsloth/Llama-3.1-8B-Instruct; fixed first 100 examples.,/notebooks/artifacts/adapters/cpt/seed_777/adapter,/notebooks/artifacts/adapters/qa_on_cpt/seed_777/adapter
multitask_lora_on_cpt,777,0.629887054735013,0.6255924170616114,0.9551374819102749,0.7560137457044673,0.5755,0.4245,0.9165942658557776,0.6003475238922676,0.646,strict_exact_label_primary; keyword_sensitivity_secondary,/notebooks/artifacts/adapters/cpt/seed_777/adapter,/notebooks/artifacts/adapters/multitask_on_cpt/seed_777/adapter,0.5868879556655884,0.197918102145195,3.745,1.4186172845415352,0.0,100,unsloth/Llama-3.1-8B-Instruct,External fixed judge: unsloth/Llama-3.1-8B-Instruct; fixed first 100 examples.,/notebooks/artifacts/adapters/cpt/seed_777/adapter,/notebooks/artifacts/adapters/multitask_on_cpt/seed_777/adapter
