,logs_accuracy,logs_accuracy,logs_precision_anomaly,logs_precision_anomaly,logs_recall_anomaly,logs_recall_anomaly,logs_f1_anomaly,logs_f1_anomaly,qa_semantic_similarity_mean,qa_semantic_similarity_mean,qa_semantic_similarity_std,qa_semantic_similarity_std,qa_llm_judge_mean_0_5,qa_llm_judge_mean_0_5,qa_llm_judge_std_0_5,qa_llm_judge_std_0_5
,mean,std,mean,std,mean,std,mean,std,mean,std,mean,std,mean,std,mean,std
model,,,,,,,,,,,,,,,,
base,0.496,,0.5229357798165137,,0.111984282907662,,0.1844660194174757,,0.5870177149772644,,0.1615243852138519,,3.0384615384615383,,2.3339320167428013,
cpt,0.5355,0.0004999999999999866,0.5652915235302333,0.0011063257428222445,0.3471947194719472,0.002061055445015977,0.4301754756164098,0.0014132539925448115,0.6298699577649435,0.0006432223865238438,0.1665515353282292,0.0005978006990564272,4.7625,0.05962120008855943,0.8628928594061103,0.15193685293213122
cpt_ft_logs,0.7115,0.0008660254037844555,0.774632918077387,0.03456499561043071,0.6089108910891089,0.052156701746795694,0.6799543703800156,0.01911295112042578,0.6060664653778076,0.014211188030192057,0.17664547761281327,0.007728822387580566,4.745833333333334,0.22468148751807152,0.9888976566897366,0.4624546727954227
cpt_ft_qa,0.5033333333333333,0.0005773502691896262,0.5400641025641025,0.002775722448027037,0.11122112211221113,0.0005716339298907271,0.18445539135194308,0.0009480299986693191,0.6225202878316244,0.0030388832421577353,0.17234279215335838,0.0012471831368519833,4.935416666666667,0.0036084391824349558,0.556202325135574,0.0011954165264675158
ft_logs,0.7080000000000001,0.004769696007084774,0.789617679841676,0.033238087365767784,0.5782178217821783,0.04373279767397581,0.6661242867423876,0.017114337930081165,0.5930251280466715,0.014232856393932602,0.17324579755465186,0.006268410179955928,4.8812500000000005,0.028641098093473583,0.7018066572377825,0.11254318075785075
ft_qa,0.5038333333333332,0.0014433756729740177,0.5419845031219439,0.006736404630355152,0.1128712871287128,0.0017149017896721712,0.18683333109562614,0.002749508471711741,0.6152124802271525,0.0021512557773808415,0.17347847421964005,0.0015387106981984175,4.9125000000000005,0.018750000000000044,0.5438158871794659,0.10092315778261989
multitask_lora,0.5743333333333333,0.010750968948580129,0.637862262970895,0.024600962152916742,0.3749174917491749,0.10789050957339844,0.4646969498021079,0.0747723858061309,0.5876113971074423,0.006396306213279962,0.19723254938920332,0.0027369308112744953,4.24875,0.07528072462456835,1.3092689852076942,0.007249504108763957
multitask_lora_on_cpt,0.5710000000000001,0.019615045245933,0.5888239738680205,0.04615409273955036,0.572937293729373,0.19502772490684073,0.564756581141737,0.06679033807319515,0.5883367458979288,0.005371268775379811,0.19890199104944858,0.0020217264250884433,3.9875000000000003,0.09822646028438578,1.5630645770937974,0.01899682215220144
