model,seed,logs_recall_anomaly,logs_precision_anomaly,logs_f1_anomaly,logs_pred_anomaly_rate,logs_off_format_rate,logs_coverage_strict
base_logs_plus_qa__factor__dare_plus_ties,42,1.0,0.8285714285714286,0.90625,1.0,0.965,0.03500000000000003
base_logs_plus_qa__delta_w__dare_plus_ties,42,0.896551724137931,1.0,0.9454545454545454,0.8387096774193549,0.9845,0.015499999999999958
cpt_anchor_logs_plus_qa__factor__dare_plus_ties,42,0.36585365853658536,0.8725761772853186,0.5155482815057283,0.19955776672194583,0.0955,0.9045
cpt_anchor_logs_plus_qa__delta_w__dare_plus_ties,42,0.5534506089309879,0.8628691983122363,0.674361088211047,0.3319327731092437,0.286,0.714
base_logs_plus_qa__factor__dare_plus_ties,123,0.2702702702702703,1.0,0.425531914893617,0.11730205278592376,0.8295,0.17049999999999998
base_logs_plus_qa__delta_w__dare_plus_ties,123,1.0,0.8571428571428571,0.9230769230769231,1.0,0.979,0.02100000000000002
cpt_anchor_logs_plus_qa__factor__dare_plus_ties,123,0.46732673267326735,0.8676470588235294,0.6074646074646075,0.272,0.0,1.0
cpt_anchor_logs_plus_qa__delta_w__dare_plus_ties,123,0.4106029106029106,0.8568329718004338,0.5551651440618411,0.23762886597938143,0.03,0.97
base_logs_plus_qa__factor__dare_plus_ties,777,0.40693430656934304,0.8050541516245487,0.5406060606060606,0.21949286846275753,0.369,0.631
base_logs_plus_qa__delta_w__dare_plus_ties,777,0.5194805194805194,0.8839779005524862,0.65439672801636,0.3047138047138047,0.703,0.29700000000000004
cpt_anchor_logs_plus_qa__factor__dare_plus_ties,777,0.531986531986532,0.8618181818181818,0.6578764746703678,0.33557046979865773,0.1805,0.8195
cpt_anchor_logs_plus_qa__delta_w__dare_plus_ties,777,0.3400673400673401,0.8757225433526011,0.4898949070331447,0.18722943722943722,0.076,0.924
