,logs_accuracy,logs_accuracy,logs_precision_anomaly,logs_precision_anomaly,logs_recall_anomaly,logs_recall_anomaly,logs_f1_anomaly,logs_f1_anomaly,logs_coverage_strict,logs_coverage_strict,logs_off_format_rate,logs_off_format_rate,logs_pred_anomaly_rate,logs_pred_anomaly_rate,logs_gold_anomaly_rate,logs_gold_anomaly_rate,logs_keyword_accuracy_sensitivity,logs_keyword_accuracy_sensitivity,qa_semantic_similarity_mean,qa_semantic_similarity_mean,qa_semantic_similarity_std,qa_semantic_similarity_std,qa_llm_judge_mean_0_5,qa_llm_judge_mean_0_5,qa_llm_judge_std_0_5,qa_llm_judge_std_0_5,qa_judge_invalid_rate,qa_judge_invalid_rate,qa_judge_sample_n,qa_judge_sample_n
,mean,std,mean,std,mean,std,mean,std,mean,std,mean,std,mean,std,mean,std,mean,std,mean,std,mean,std,mean,std,mean,std,mean,std,mean,std
model,,,,,,,,,,,,,,,,,,,,,,,,,,,,,,
base_logs_plus_qa__delta_w__dare_plus_model_soup,0.6237632167464193,0.0633529804318648,0.6523798943155436,0.05279838292336156,0.7281821391967892,0.41875234691141017,0.6435440393826021,0.2531173699541755,0.33216666666666667,0.3250408948629901,0.6678333333333333,0.3250408948629901,0.7099725798760134,0.44930370797276853,0.6070607847006396,0.11423890243401426,0.553,0.02456114818163024,0.6312024195988973,0.0008332508491089225,0.17119420071442923,0.0014930037901123808,4.56,0.03464101615137745,0.8157544392976305,0.014732350434082036,0.0,0.0,100.0,0.0
base_logs_plus_qa__delta_w__dare_plus_task_arithmetic,0.7898733149261004,0.18921256883844573,0.8783973153372423,0.1328310261183804,0.8333333333333334,0.2886751345948129,0.830279564994591,0.17944031905930047,0.07516666666666665,0.06725758941066307,0.9248333333333334,0.06725758941066308,0.7890070921985816,0.36545043634875246,0.7987385631530507,0.17850614999741182,0.7041666666666666,0.016750621879002982,0.5951614578564962,0.00814496617772421,0.19337922831376395,0.004682581563019382,3.848333333333333,0.07094598884597571,1.191295764294692,0.020835137635470357,0.0,0.0,100.0,0.0
base_logs_plus_qa__delta_w__dare_plus_ties,0.8252856263608952,0.09783922081663553,0.9137069192317812,0.07592694995883834,0.8053440812061501,0.25291079136042477,0.8409760655159428,0.1619693686539412,0.11116666666666668,0.16095988112984347,0.8888333333333334,0.1609598811298435,0.7144744940443865,0.36391140258316634,0.7703817488763725,0.22160921397021777,0.6796666666666665,0.01776466530316102,0.6059525609016418,0.008423635553680295,0.18866059184074402,0.004402847307634642,4.01,0.16023420358962076,1.1829805310879995,0.11185076933187378,0.0,0.0,100.0,0.0
base_logs_plus_qa__delta_w__model_soup,0.6301730621448568,0.08355427248883336,0.6742820368433754,0.09707674362447935,0.727280641834425,0.3812821900663359,0.6621852881451477,0.23107731270107784,0.28733333333333333,0.28823268956406267,0.7126666666666667,0.28823268956406267,0.7049261083743842,0.41605148435326605,0.6276005388826783,0.14283152211436248,0.555,0.02079062288629183,0.6314465602238973,0.0034600833148271995,0.17014210422833762,0.001710387935828595,4.551666666666667,0.0175594229214213,0.8258655106550181,0.036833917328857047,0.0,0.0,100.0,0.0
base_logs_plus_qa__delta_w__task_arithmetic,0.6759453781512605,0.07204764472173858,0.8172915319974143,0.12784600303676624,0.7543103448275862,0.34745764247959665,0.746891425037975,0.1342905002567991,0.06766666666666665,0.061158264636378724,0.9323333333333333,0.061158264636378724,0.6934523809523809,0.4335238003703238,0.7086834733893557,0.025748986429762182,0.7078333333333333,0.013549292724468446,0.5919240514437357,0.010056939736797662,0.19252347946166992,0.005453506676890583,3.8366666666666664,0.1647978559731083,1.2161374441854822,0.08270172474020737,0.0,0.0,100.0,0.0
base_logs_plus_qa__delta_w__ties,0.6526960330144419,0.0604365822085613,0.8121499728883594,0.052114957518411054,0.5607171804324522,0.284530081062641,0.6298178132788149,0.21276633098969797,0.3053333333333333,0.4002437798808787,0.6946666666666667,0.4002437798808787,0.483060609609693,0.32500630090527044,0.6381552029353076,0.15357844116311858,0.6241666666666666,0.019399312702601895,0.6177440285682678,0.0031649510077663098,0.18073400358359018,0.002722830225864079,4.33,0.06946221994724908,0.9504530434294381,0.14759240615146207,0.0,0.0,100.0,0.0
base_logs_plus_qa__factor__dare_plus_model_soup,0.625885901067636,0.0628885063479371,0.6275582438800583,0.06076382364567153,0.9881255301102629,0.020567185161971393,0.766786289394985,0.049575577564302545,0.23866666666666667,0.11262474565269096,0.7613333333333333,0.11262474565269096,0.987781036168133,0.02116386617264022,0.62735217672746,0.06102219743103255,0.5541666666666667,0.009305016568138562,0.6334282557169596,0.0009950385908545764,0.17023123800754547,0.0011859744669863274,4.5566666666666675,0.11060440015357982,0.9006363167305028,0.10597800469517239,0.0,0.0,100.0,0.0
base_logs_plus_qa__factor__dare_plus_task_arithmetic,0.9283033033033034,0.0666447238866261,0.9283033033033034,0.0666447238866261,1.0,0.0,0.9619991089446236,0.03557983090888689,0.05166666666666667,0.0834645633387807,0.9483333333333333,0.08346456333878069,1.0,0.0,0.9283033033033034,0.0666447238866261,0.6406666666666666,0.07565106300200501,0.5889581044514974,0.002012841925770564,0.18621054788430533,0.001677266148785696,3.4116666666666666,0.19276496915501357,1.3266729760985208,0.08541499713072123,0.0,0.0,100.0,0.0
base_logs_plus_qa__factor__dare_plus_ties,0.7371796429462193,0.0795711773186465,0.8778751933986592,0.10641483387813114,0.5590681922798711,0.38792384432887606,0.6241293251665593,0.2510071137024192,0.2788333333333333,0.31241972302230425,0.7211666666666666,0.31241972302230425,0.4455983070828938,0.48283710351855635,0.5656068008810712,0.22773407296249665,0.6968333333333333,0.003752776749732598,0.6082388361295065,0.007675133058812932,0.18637693921724954,0.008826129942609607,4.12,0.11056672193747989,1.1265141044125953,0.07158183316480018,0.0,0.0,100.0,0.0
base_logs_plus_qa__factor__model_soup,0.6106752885788026,0.04468748211615523,0.6158081388203485,0.0399898884404344,0.9658469945355191,0.05915474069565835,0.7515704242401718,0.04119961478736098,0.26066666666666666,0.09036776711490296,0.7393333333333333,0.09036776711490295,0.9629629629629629,0.06415002990995843,0.6138959004950667,0.041580138880611614,0.5536666666666666,0.02205863398611381,0.6338744759559631,0.0017852001352643338,0.1698579639196396,0.002174691113805163,4.593333333333334,0.022546248764114613,0.8986491299010254,0.008343380142058465,0.0,0.0,100.0,0.0
base_logs_plus_qa__factor__task_arithmetic,0.9361618210502591,0.06143519146367628,0.9361618210502591,0.06143519146367628,1.0,0.0,0.9663371876165611,0.03268539610504767,0.044833333333333315,0.05112321716532846,0.9551666666666666,0.051123217165328444,1.0,0.0,0.9361618210502591,0.06143519146367628,0.6891666666666666,0.0146997732408814,0.5804336071014404,0.010787886651937882,0.18712957203388214,0.003850827743663408,3.3800000000000003,0.07365459931328124,1.255256413127756,0.09732423106534689,0.0,0.0,100.0,0.0
base_logs_plus_qa__factor__ties,0.5609379171957308,0.04674478421855445,0.5820705579311475,0.017068394970629574,0.6983836845222985,0.5003732731133935,0.5584544466104447,0.3113907354525069,0.4186666666666667,0.5034913935047285,0.5813333333333334,0.5034913935047285,0.6950650557620818,0.508968464106688,0.5619162319417036,0.05038619225786323,0.5148333333333333,0.005033222956847156,0.6333712736765543,0.0009287947917873567,0.17015440762043,0.0007219515938598956,4.748333333333334,0.11449162997063732,0.5842367677515613,0.3180229532766658,0.0,0.0,100.0,0.0
cpt_anchor_logs_plus_qa__delta_w__dare_plus_model_soup,0.548595028770612,0.009084507734365534,0.9083703703703704,0.07936673225792029,0.09127770277243763,0.025731829062774353,0.16467090175935226,0.04215747771827441,0.895,0.11414793033603374,0.105,0.11414793033603368,0.05049265898181712,0.018050296755008903,0.4907455000228709,0.012367410760065846,0.5333333333333333,0.013288466176851744,0.6347460548082987,0.001636395637891468,0.16882364948590597,0.003413344463467381,4.488333333333333,0.04481443219916232,0.793694878388521,0.11878619460924743,0.0,0.0,100.0,0.0
cpt_anchor_logs_plus_qa__delta_w__dare_plus_task_arithmetic,0.7331365480405893,0.027759561928585638,0.8609573365153264,0.02724469405846426,0.6499521654451232,0.13290334431132436,0.7368965486069287,0.09829326438756653,0.5946666666666666,0.41161703479488476,0.4053333333333333,0.41161703479488476,0.47195272825889995,0.17129339638627447,0.6137738204365021,0.1243784126264325,0.7011666666666666,0.0032145502536643483,0.591135581334432,0.009203057721968787,0.18864178160826364,0.0038505644977855215,3.7483333333333335,0.2608320021265282,1.2780599954242389,0.16750066311597508,0.0,0.0,100.0,0.0
cpt_anchor_logs_plus_qa__delta_w__dare_plus_ties,0.685216826499422,0.03391643689510916,0.8651415711550904,0.009647628574360552,0.43470695320041286,0.1087145735855621,0.5731403797686776,0.09353755835827081,0.8693333333333334,0.13647466187294013,0.13066666666666665,0.13647466187294008,0.2522636921060208,0.07345336925903227,0.49850871620125714,0.017828431103310977,0.6669999999999999,0.010500000000000023,0.599630614121755,0.009561579850576565,0.18680903812249502,0.006235528599404387,4.038333333333333,0.2447617889568009,1.1913868637981457,0.27844839944562133,0.0,0.0,100.0,0.0
cpt_anchor_logs_plus_qa__delta_w__model_soup,0.5520497328610623,0.01338206875579158,0.9014333164085638,0.06788153068277872,0.09482181272435124,0.027419646639622947,0.1703181916632209,0.04473585557558184,0.866,0.11903465881834585,0.134,0.11903465881834584,0.05241433553068749,0.01858516460217282,0.48835042604364526,0.014499664900822013,0.533,0.01299999999999998,0.6337000131607056,0.0010865794911843003,0.16851905981699625,0.0038795447583909516,4.533333333333333,0.04618802153516985,0.7534295929462312,0.047071994957879296,0.0,0.0,100.0,0.0
cpt_anchor_logs_plus_qa__delta_w__task_arithmetic,0.7409887163378771,0.041340343961464646,0.8617455992719817,0.021697807516611104,0.6600159199943451,0.17824672020116406,0.739676209467636,0.12685238268753948,0.5778333333333333,0.3866336552000269,0.42216666666666663,0.3866336552000269,0.4899077277857014,0.2216723227279428,0.6197864449533051,0.14234767312481994,0.7023333333333334,0.0035472994422988315,0.5876239339510599,0.009344555762854668,0.1903479645649592,0.007111034736488168,3.6999999999999997,0.28173569173961654,1.3653133112137483,0.20494961169474402,0.0,0.0,100.0,0.0
cpt_anchor_logs_plus_qa__delta_w__ties,0.6301305471817026,0.06541699866670089,0.8793835621595454,0.014773028127113633,0.3135759150963829,0.1533347879123934,0.44780855427781985,0.15657145112746157,0.7520000000000001,0.18503445625072104,0.248,0.18503445625072107,0.1811460340353361,0.09174984231702042,0.5057202559064833,0.012435762835240505,0.608,0.03671511950137167,0.6193594336509705,0.003961553828502801,0.17960440615812936,0.0038737031509593982,4.3566666666666665,0.11514483632943871,0.9074840186262816,0.16773232815066405,0.0,0.0,100.0,0.0
cpt_anchor_logs_plus_qa__factor__dare_plus_model_soup,0.6018713450292398,0.08080991671051665,0.9078518912215431,0.06273082094414795,0.2489808338156254,0.27986207192770785,0.3361300906655497,0.305740161516273,0.6086666666666667,0.4112728210486724,0.3913333333333333,0.4112728210486724,0.16204804494897374,0.20138815652239844,0.5201421855291825,0.07073512298001848,0.534,0.014525839046333963,0.631805419921875,0.0005070818099132315,0.16711461544036865,0.0021209923194897146,4.505,0.04924428900898026,0.8628768247541493,0.09722591194376051,0.0,0.0,100.0,0.0
cpt_anchor_logs_plus_qa__factor__dare_plus_task_arithmetic,0.7177830568080755,0.10707921739440257,0.7185515217251046,0.10716777033816674,0.9879032258064516,0.020952227510913836,0.828793631566174,0.07304500385024112,0.47300000000000003,0.19443572202658646,0.527,0.1944357220265865,0.9721059972105998,0.04831383005770926,0.7066254556923154,0.10765544052173691,0.6908333333333333,0.04249803917045272,0.5696201920509338,0.0037030005776029617,0.2007645865281423,0.007468105545306664,2.9766666666666666,0.3060364901990175,1.4362091573253437,0.128374002906506,0.0,0.0,100.0,0.0
cpt_anchor_logs_plus_qa__factor__dare_plus_ties,0.6889847358916442,0.014218414009458747,0.8673471393090099,0.005385265119204927,0.4550556410654616,0.08374346348891575,0.5936297878802345,0.07216564499176083,0.908,0.09030088593142374,0.09200000000000001,0.09030088593142371,0.26904274550686785,0.06805455800430499,0.5081925755265432,0.03394807476134962,0.6903333333333332,0.009411871935663712,0.6045620242754618,0.005784328897942255,0.1856305201848348,0.005013332351025495,4.088333333333334,0.13194064322009866,1.0965674467546636,0.18288589906533895,0.0,0.0,100.0,0.0
cpt_anchor_logs_plus_qa__factor__model_soup,0.5903399984576572,0.05878678713300999,0.9089498442618051,0.04624827962363264,0.21411828682868286,0.2082160924742382,0.313800401564805,0.24837667304592698,0.5946666666666667,0.4042543547487564,0.4053333333333333,0.4042543547487564,0.13125496762916203,0.14191705443073405,0.5128280875316272,0.058067498710351516,0.5323333333333333,0.01144916299706378,0.6341401934623718,0.002603491031747602,0.1690537929534912,0.0002525922346662349,4.516666666666667,0.060277137733417356,0.8527428375228783,0.07207273812021465,0.0,0.0,100.0,0.0
cpt_anchor_logs_plus_qa__factor__task_arithmetic,0.7251792872140267,0.09395968550697258,0.7216321513879548,0.09567132352997422,0.9869402985074626,0.022620066516757742,0.831535968484541,0.06572644054598151,0.46366666666666667,0.12542361553285467,0.5363333333333333,0.1254236155328546,0.9621301775147929,0.065592456617993,0.7038775120660977,0.10914326055188271,0.7045,0.030753048629363573,0.5784181356430054,0.007567012635260237,0.19500815371672311,0.005575937455793562,3.265,0.2206807649071391,1.3531818087469898,0.023685200322919337,0.0,0.0,100.0,0.0
cpt_anchor_logs_plus_qa__factor__ties,0.7057546794105933,0.22407202938675252,1.0,0.0,0.3989366515837104,0.55087137790447,0.4501842243777728,0.6102843547980444,0.16849999999999998,0.25757377583907876,0.8315,0.25757377583907876,0.255236957387495,0.35487692777829044,0.5494822779769016,0.13080489839153778,0.5188333333333333,0.012055427546683442,0.6385871569315592,0.0010841727780640132,0.16543722649415335,0.0009562620885770991,4.575,0.018027756377320025,0.7118922810877116,0.08544922581042864,0.0,0.0,100.0,0.0
