seed,lambda,accuracy,precision_anomaly,recall_anomaly,f1_anomaly,coverage_strict,off_format_rate,pred_anomaly_rate,gold_anomaly_rate,keyword_accuracy_sensitivity,parser,base_adapter_dir,adapter_dir
123,0.25,0.6746987951807228,0.6746987951807228,1.0,0.8057553956834532,0.0829999999999999,0.917,1.0,0.6746987951807228,0.526,strict_exact_label_primary; keyword_sensitivity_secondary,/notebooks/artifacts/adapters/cpt/seed_123/adapter,/notebooks/artifacts/merged_adapters/coefficient_sweep/delta_w/lambda_0.25/seed_123
123,0.33,0.5859375,0.75,0.5185185185185185,0.6131386861313869,0.128,0.872,0.4375,0.6328125,0.528,strict_exact_label_primary; keyword_sensitivity_secondary,/notebooks/artifacts/adapters/cpt/seed_123/adapter,/notebooks/artifacts/merged_adapters/coefficient_sweep/delta_w/lambda_0.33/seed_123
123,0.5,0.5612813370473537,0.8870967741935484,0.1515151515151515,0.2588235294117647,0.718,0.282,0.0863509749303621,0.5055710306406686,0.549,strict_exact_label_primary; keyword_sensitivity_secondary,/notebooks/artifacts/adapters/cpt/seed_123/adapter,/notebooks/artifacts/merged_adapters/coefficient_sweep/delta_w/lambda_0.5/seed_123
123,0.75,0.7341463414634146,0.8258064516129032,0.6095238095238096,0.7013698630136986,0.8200000000000001,0.18,0.3780487804878049,0.5121951219512195,0.706,strict_exact_label_primary; keyword_sensitivity_secondary,/notebooks/artifacts/adapters/cpt/seed_123/adapter,/notebooks/artifacts/merged_adapters/coefficient_sweep/delta_w/lambda_0.75/seed_123
123,1.0,0.7400241837968561,0.782016348773842,0.6800947867298578,0.7275031685678074,0.827,0.173,0.4437726723095526,0.5102781136638452,0.711,strict_exact_label_primary; keyword_sensitivity_secondary,/notebooks/artifacts/adapters/cpt/seed_123/adapter,/notebooks/artifacts/merged_adapters/coefficient_sweep/delta_w/lambda_1.0/seed_123
42,0.25,0.6493506493506493,0.6493506493506493,1.0,0.7874015748031497,0.0769999999999999,0.923,1.0,0.6493506493506493,0.523,strict_exact_label_primary; keyword_sensitivity_secondary,/notebooks/artifacts/adapters/cpt/seed_42/adapter,/notebooks/artifacts/merged_adapters/coefficient_sweep/delta_w/lambda_0.25/seed_42
42,0.33,0.875,0.8571428571428571,1.0,0.9230769230769232,0.04,0.96,0.875,0.75,0.525,strict_exact_label_primary; keyword_sensitivity_secondary,/notebooks/artifacts/adapters/cpt/seed_42/adapter,/notebooks/artifacts/merged_adapters/coefficient_sweep/delta_w/lambda_0.33/seed_42
42,0.5,0.7571428571428571,0.8456375838926175,0.8181818181818182,0.8316831683168316,0.2099999999999999,0.79,0.7095238095238096,0.7333333333333333,0.603,strict_exact_label_primary; keyword_sensitivity_secondary,/notebooks/artifacts/adapters/cpt/seed_42/adapter,/notebooks/artifacts/merged_adapters/coefficient_sweep/delta_w/lambda_0.5/seed_42
42,0.75,0.7635658914728682,0.8215384615384616,0.8066465256797583,0.8140243902439024,0.516,0.484,0.6298449612403101,0.6414728682170543,0.71,strict_exact_label_primary; keyword_sensitivity_secondary,/notebooks/artifacts/adapters/cpt/seed_42/adapter,/notebooks/artifacts/merged_adapters/coefficient_sweep/delta_w/lambda_0.75/seed_42
42,1.0,0.7677304964539007,0.8169014084507042,0.8146067415730337,0.8157524613220816,0.5640000000000001,0.436,0.6294326241134752,0.6312056737588653,0.726,strict_exact_label_primary; keyword_sensitivity_secondary,/notebooks/artifacts/adapters/cpt/seed_42/adapter,/notebooks/artifacts/merged_adapters/coefficient_sweep/delta_w/lambda_1.0/seed_42
777,0.25,0.7674418604651163,0.7674418604651163,1.0,0.868421052631579,0.043,0.957,1.0,0.7674418604651163,0.532,strict_exact_label_primary; keyword_sensitivity_secondary,/notebooks/artifacts/adapters/cpt/seed_777/adapter,/notebooks/artifacts/merged_adapters/coefficient_sweep/delta_w/lambda_0.25/seed_777
777,0.33,0.9333333333333332,0.9333333333333332,1.0,0.9655172413793104,0.03,0.97,1.0,0.9333333333333332,0.536,strict_exact_label_primary; keyword_sensitivity_secondary,/notebooks/artifacts/adapters/cpt/seed_777/adapter,/notebooks/artifacts/merged_adapters/coefficient_sweep/delta_w/lambda_0.33/seed_777
777,0.5,0.7916666666666666,0.7916666666666666,1.0,0.8837209302325582,0.048,0.952,1.0,0.7916666666666666,0.628,strict_exact_label_primary; keyword_sensitivity_secondary,/notebooks/artifacts/adapters/cpt/seed_777/adapter,/notebooks/artifacts/merged_adapters/coefficient_sweep/delta_w/lambda_0.5/seed_777
777,0.75,0.845360824742268,0.845360824742268,1.0,0.9162011173184358,0.0969999999999999,0.903,1.0,0.845360824742268,0.702,strict_exact_label_primary; keyword_sensitivity_secondary,/notebooks/artifacts/adapters/cpt/seed_777/adapter,/notebooks/artifacts/merged_adapters/coefficient_sweep/delta_w/lambda_0.75/seed_777
777,1.0,0.8219895287958116,0.8219895287958116,1.0,0.9022988505747126,0.1909999999999999,0.809,1.0,0.8219895287958116,0.712,strict_exact_label_primary; keyword_sensitivity_secondary,/notebooks/artifacts/adapters/cpt/seed_777/adapter,/notebooks/artifacts/merged_adapters/coefficient_sweep/delta_w/lambda_1.0/seed_777
