,,logs_accuracy,logs_accuracy,logs_precision_anomaly,logs_precision_anomaly,logs_recall_anomaly,logs_recall_anomaly,logs_f1_anomaly,logs_f1_anomaly,qa_semantic_similarity_mean,qa_semantic_similarity_mean,qa_semantic_similarity_std,qa_semantic_similarity_std,qa_llm_judge_mean_0_5,qa_llm_judge_mean_0_5,qa_llm_judge_std_0_5,qa_llm_judge_std_0_5
,,mean,std,mean,std,mean,std,mean,std,mean,std,mean,std,mean,std,mean,std
group,model,,,,,,,,,,,,,,,,
baseline,base,0.496,,0.5229357798165137,,0.111984282907662,,0.1844660194174757,,0.5870177149772644,,0.1615243852138519,,3.0384615384615383,,2.3339320167428013,
baseline,cpt,0.5355,0.0004999999999999866,0.5652915235302333,0.0011063257428222445,0.3471947194719472,0.002061055445015977,0.4301754756164098,0.0014132539925448115,0.6298699577649435,0.0006432223865238438,0.1665515353282292,0.0005978006990564272,4.7625,0.05962120008855943,0.8628928594061103,0.15193685293213122
baseline,cpt_ft_logs,0.7115,0.0008660254037844555,0.774632918077387,0.03456499561043071,0.6089108910891089,0.052156701746795694,0.6799543703800156,0.01911295112042578,0.6060664653778076,0.014211188030192057,0.17664547761281327,0.007728822387580566,4.745833333333334,0.22468148751807152,0.9888976566897366,0.4624546727954227
baseline,cpt_ft_qa,0.5033333333333333,0.0005773502691896262,0.5400641025641025,0.002775722448027037,0.11122112211221113,0.0005716339298907271,0.18445539135194308,0.0009480299986693191,0.6225202878316244,0.0030388832421577353,0.17234279215335838,0.0012471831368519833,4.935416666666667,0.0036084391824349558,0.556202325135574,0.0011954165264675158
baseline,ft_logs,0.7080000000000001,0.004769696007084774,0.789617679841676,0.033238087365767784,0.5782178217821783,0.04373279767397581,0.6661242867423876,0.017114337930081165,0.5930251280466715,0.014232856393932602,0.17324579755465186,0.006268410179955928,4.8812500000000005,0.028641098093473583,0.7018066572377825,0.11254318075785075
baseline,ft_qa,0.5038333333333332,0.0014433756729740177,0.5419845031219439,0.006736404630355152,0.1128712871287128,0.0017149017896721712,0.18683333109562614,0.002749508471711741,0.6152124802271525,0.0021512557773808415,0.17347847421964005,0.0015387106981984175,4.9125000000000005,0.018750000000000044,0.5438158871794659,0.10092315778261989
baseline,multitask_lora,0.5743333333333333,0.010750968948580129,0.637862262970895,0.024600962152916742,0.3749174917491749,0.10789050957339844,0.4646969498021079,0.0747723858061309,0.5876113971074423,0.006396306213279962,0.19723254938920332,0.0027369308112744953,4.24875,0.07528072462456835,1.3092689852076942,0.007249504108763957
baseline,multitask_lora_on_cpt,0.5710000000000001,0.019615045245933,0.5888239738680205,0.04615409273955036,0.572937293729373,0.19502772490684073,0.564756581141737,0.06679033807319515,0.5883367458979288,0.005371268775379811,0.19890199104944858,0.0020217264250884433,3.9875000000000003,0.09822646028438578,1.5630645770937974,0.01899682215220144
merged,cpt_plus_logs_plus_qa__dare_plus_model_soup,0.5,0.002645751311064593,0.5313121034619215,0.015857546943674694,0.1656843483955468,0.045878925705663404,0.24969724593774223,0.05297033324459574,0.5524638692537943,0.0027194323599093032,0.16727274656295774,0.007388715184155184,2.5738396624472575,0.10765696896348577,2.312944807177451,0.03933303679823291
merged,cpt_plus_logs_plus_qa__dare_plus_task_arithmetic,0.5,0.002645751311064593,0.5313121034619215,0.015857546943674694,0.1656843483955468,0.045878925705663404,0.24969724593774223,0.05297033324459574,0.5524638692537943,0.0027194323599093032,0.16727274656295774,0.007388715184155184,2.5738396624472575,0.10765696896348577,2.312944807177451,0.03933303679823291
merged,cpt_plus_logs_plus_qa__dare_plus_ties,0.5816666666666667,0.059500700275991136,0.7181106509735543,0.18058531960008212,0.54158480681074,0.39367479653643883,0.5281670368073182,0.1277314017189385,0.42663662632306415,0.011795910503726904,0.17884931464989975,0.009676592058044463,0.5569620253164557,0.23099098216322356,1.3604632617261345,0.35037723801629667
merged,cpt_plus_logs_plus_qa__model_soup,0.5023333333333334,0.0005773502691896423,0.5373562075723578,0.012202843176321705,0.17092337917485265,0.049585184534868224,0.25620755987724136,0.057044091287646814,0.5510327219963074,0.002685355531003132,0.17296977837880445,0.00427641473815087,2.6160337552742616,0.06971608287703944,2.2993447367745166,0.04175011924967316
merged,cpt_plus_logs_plus_qa__task_arithmetic,0.5023333333333334,0.0005773502691896423,0.5373562075723578,0.012202843176321705,0.17092337917485265,0.049585184534868224,0.25620755987724136,0.057044091287646814,0.5510327219963074,0.002685355531003132,0.17296977837880445,0.00427641473815087,2.6160337552742616,0.06971608287703944,2.2993447367745166,0.04175011924967316
merged,cpt_plus_logs_plus_qa__ties,0.501,0.0,0.5462962962962963,0.0,0.11591355599214141,0.0,0.19124797406807134,0.0,0.5457240144411722,0.004961971720279383,0.17562736570835105,0.005972179129537027,2.5063291139240502,0.3184745727951677,2.320794820070278,0.06713826732399822
merged,ft_logs_plus_qa__dare_plus_model_soup,0.519,0.01299999999999998,0.6704600113691024,0.1479356716994308,0.12704649639816631,0.019874251349696802,0.21109567580155816,0.022371511986531218,0.5319408774375916,0.003087179575224856,0.17480001846949256,0.005000300341414495,1.7763713080168777,0.1699851230251787,2.216071347574276,0.13028359825929114
merged,ft_logs_plus_qa__dare_plus_task_arithmetic,0.519,0.01299999999999998,0.6704600113691024,0.1479356716994308,0.12704649639816631,0.019874251349696802,0.21109567580155816,0.022371511986531218,0.5319408774375916,0.003087179575224856,0.17480001846949256,0.005000300341414495,1.7763713080168777,0.1699851230251787,2.216071347574276,0.13028359825929114
merged,ft_logs_plus_qa__dare_plus_ties,0.6156666666666667,0.006110100926607807,0.8124455198533168,0.028024843994286074,0.3189259986902423,0.004944226873130807,0.45792560179091124,0.0048444065419675515,0.4959239363670349,0.011250494444740973,0.16659357647101083,0.009746593531724891,1.2629016553067187,0.10844085378735069,2.0229640803526765,0.037758464818005724
merged,ft_logs_plus_qa__model_soup,0.515,0.008660254037844426,0.6157444061187377,0.0633484160311099,0.1316306483300589,0.008563652148409975,0.21632637709857705,0.008161279437926825,0.5281834403673807,0.006794180683791951,0.1784615317980448,0.0056422636674691405,1.6919831223628694,0.23760182658736012,2.188276675940477,0.06691420109209646
merged,ft_logs_plus_qa__task_arithmetic,0.515,0.008660254037844426,0.6157444061187377,0.0633484160311099,0.1316306483300589,0.008563652148409975,0.21632637709857705,0.008161279437926825,0.5281834403673807,0.006794180683791951,0.1784615317980448,0.0056422636674691405,1.6919831223628694,0.23760182658736012,2.188276675940477,0.06691420109209646
merged,ft_logs_plus_qa__ties,0.5013333333333333,0.0005773502691896744,0.5476837693963076,0.0024031739033547306,0.11656843483955463,0.0011342834365218723,0.19222356847256536,0.0016897790761635477,0.5632934172948202,0.004437725314672699,0.16527163982391355,0.007856212421555552,2.468354430379747,0.20838072953359882,2.3436250339895337,0.05099277982015654
merged,seq_cpt_then_logs_then_qa,0.5003333333333333,0.0011547005383792605,0.5427689594356261,0.00610952665809131,0.11656843483955463,0.0011342834365218723,0.191910887703996,0.0011482000984518064,0.5120678146680196,0.001778030157904979,0.17552479604880014,0.008092669340924116,1.379746835443038,0.05800728727792197,2.1001170282744455,0.005422672902351996
merged,seq_cpt_then_qa_then_logs,0.5243333333333333,0.002309401076758497,0.7440303124033405,0.17864938602664623,0.12049770792403403,0.04047024114074758,0.20229360389435816,0.05617187024726287,0.5704535245895386,0.0030406495794904577,0.1541085839271545,0.002075402472052625,2.911392405063291,0.2569339636732208,2.261844268607281,0.03825301694093263
merged,seq_logs_then_qa_then_cpt,0.496,0.004358898943540678,0.5216213588917001,0.021518034420619097,0.13032089063523244,0.01587996811130602,0.20798699735814888,0.018789468615839782,0.5615149537722269,0.002356110643477413,0.16232145329316452,0.0032668206702075957,2.430379746835443,0.19487094073848946,2.3582803923337448,0.013544797121110298
