group,model,n_seeds,logs_accuracy__mean,logs_accuracy__std,logs_precision_anomaly__mean,logs_precision_anomaly__std,logs_recall_anomaly__mean,logs_recall_anomaly__std,logs_f1_anomaly__mean,logs_f1_anomaly__std,logs_coverage_strict__mean,logs_coverage_strict__std,logs_off_format_rate__mean,logs_off_format_rate__std,logs_pred_anomaly_rate__mean,logs_pred_anomaly_rate__std,logs_keyword_accuracy_sensitivity__mean,logs_keyword_accuracy_sensitivity__std,qa_semantic_similarity_mean__mean,qa_semantic_similarity_mean__std,qa_llm_judge_mean_0_5__mean,qa_llm_judge_mean_0_5__std,qa_judge_invalid_rate__mean,qa_judge_invalid_rate__std
baseline,base,1,0.4748201438848921,,0.5347593582887701,,0.6289308176100629,,0.5780346820809249,,0.139,,0.861,,0.6726618705035972,,0.5015,,0.6254454851150513,,4.913265306122449,,0.02,
baseline,cpt,3,0.5515463917525774,0.0,0.5515463917525774,0.0,1.0,0.0,0.7109634551495017,0.0,0.0969999999999999,0.0,0.903,0.0,1.0,0.0,0.505,0.0,0.6320071816444397,0.0016865766443144915,4.685,0.008660254037844714,0.0,0.0
baseline,cpt_ft_logs,3,0.7782723809895898,0.029606072076871964,0.8155711748839245,0.02610235829713724,0.8256624825662482,0.16719540553570977,0.8148061814728482,0.08187620605171482,0.5375000000000001,0.3225104649464882,0.46249999999999997,0.32251046494648816,0.6747652836002705,0.2947345825094168,0.7195,0.01361065758881619,0.634882390499115,0.0008034472712393785,4.655,0.03605551275463962,0.0,0.0
baseline,cpt_ft_qa,3,,,,,,,,,0.0,0.0,1.0,0.0,,,0.5045000000000001,0.0008660254037844714,0.582694411277771,0.0069256579215671915,3.5666666666666664,0.30521850096829556,0.0,0.0
baseline,ft_logs,3,0.7676955179502185,0.07223788973685942,0.7700156043935277,0.07576805296711661,0.9955891619407687,0.007639795622547042,0.8668180092561265,0.045535727559175954,0.42366666666666664,0.10904624401295686,0.5763333333333334,0.10904624401295686,0.9910479199578726,0.015505457466388128,0.7173333333333334,0.012086493839543936,0.6038815379142761,0.01980243063090729,4.821026936026936,0.06842478842932669,0.0033333333333333335,0.005773502691896258
baseline,ft_qa,3,0.9625,0.053033008588991036,0.9625,0.053033008588991036,1.0,0.0,0.9805194805194806,0.02754961485142394,0.007,0.011269427669584647,0.993,0.011269427669584654,1.0,0.0,0.5023333333333333,0.0031754264805429764,0.5852965911229452,0.00498523404536006,3.5666666666666664,0.1749523744718354,0.0,0.0
baseline,multitask_lora,3,0.7083759739314601,0.05895380793612468,0.7078603447942332,0.05961432501193375,0.9897209985315712,0.017803752794393755,0.8247114308387887,0.044901003704466154,0.42316666666666664,0.14277371373377296,0.5768333333333334,0.14277371373377293,0.9794584500466854,0.035579008185355095,0.6756666666666665,0.022306576010973377,0.5797516107559204,0.005609107661338322,3.5016666666666665,0.178208679175099,0.0,0.0
baseline,multitask_lora_on_cpt,3,0.7077294503823692,0.07040871354151057,0.7291695841032689,0.09019715855981855,0.839519686806729,0.18813143341798177,0.7667704306187315,0.07628038224087225,0.6455000000000001,0.246083827180902,0.3545,0.24608382718090194,0.7184646876663475,0.28076191468341033,0.6896666666666667,0.038083242158898856,0.5801062981287638,0.008961456291256522,3.608333333333333,0.15176736583776293,0.0,0.0
merged,base_logs_plus_qa__delta_w__dare_plus_model_soup,3,0.6237632167464193,0.06335298043186484,0.6523798943155436,0.0527983829233616,0.7281821391967892,0.4187523469114102,0.6435440393826022,0.2531173699541755,0.33216666666666667,0.3250408948629901,0.6678333333333334,0.32504089486299004,0.7099725798760134,0.4493037079727686,0.5529999999999999,0.024561148181630296,0.6312024195988973,0.0008332508491089384,4.56,0.034641016151377324,0.0,0.0
merged,base_logs_plus_qa__delta_w__dare_plus_task_arithmetic,3,0.7898733149261004,0.1892125688384457,0.8783973153372423,0.1328310261183804,0.8333333333333334,0.28867513459481287,0.830279564994591,0.17944031905930044,0.0751666666666666,0.0672575894106631,0.9248333333333334,0.06725758941066307,0.7890070921985816,0.36545043634875246,0.7041666666666666,0.016750621879002968,0.5951614578564962,0.008144966177724205,3.848333333333333,0.07094598884597572,0.0,0.0
merged,base_logs_plus_qa__delta_w__dare_plus_ties,3,0.8252856263608951,0.09783922081663546,0.9137069192317812,0.0759269499588383,0.8053440812061501,0.2529107913604247,0.8409760655159428,0.1619693686539412,0.11116666666666664,0.16095988112984347,0.8888333333333334,0.16095988112984347,0.7144744940443865,0.3639114025831663,0.6796666666666668,0.017764665303161016,0.6059525609016418,0.008423635553680295,4.010000000000001,0.16023420358962057,0.0,0.0
merged,base_logs_plus_qa__delta_w__model_soup,3,0.6301730621448568,0.08355427248883336,0.6742820368433754,0.09707674362447931,0.727280641834425,0.3812821900663359,0.6621852881451477,0.23107731270107787,0.2873333333333333,0.2882326895640627,0.7126666666666667,0.28823268956406267,0.7049261083743842,0.41605148435326605,0.555,0.020790622886291816,0.6314465602238973,0.0034600833148272143,4.551666666666667,0.01755942292142132,0.0,0.0
merged,base_logs_plus_qa__delta_w__task_arithmetic,3,0.6759453781512605,0.07204764472173854,0.8172915319974143,0.12784600303676616,0.7543103448275862,0.34745764247959665,0.746891425037975,0.1342905002567991,0.06766666666666664,0.06115826463637871,0.9323333333333333,0.061158264636378724,0.6934523809523809,0.4335238003703238,0.7078333333333333,0.013549292724468446,0.5919240514437357,0.010056939736797669,3.8366666666666664,0.1647978559731081,0.0,0.0
merged,base_logs_plus_qa__delta_w__ties,3,0.6526960330144419,0.0604365822085613,0.8121499728883594,0.052114957518411054,0.5607171804324521,0.28453008106264105,0.6298178132788149,0.21276633098969808,0.30533333333333323,0.40024377988087884,0.6946666666666667,0.4002437798808787,0.48306060960969294,0.32500630090527055,0.6241666666666666,0.019399312702601902,0.6177440285682678,0.0031649510077663098,4.33,0.06946221994724908,0.0,0.0
merged,base_logs_plus_qa__factor__dare_plus_model_soup,3,0.6258859010676359,0.06288850634793715,0.6275582438800583,0.06076382364567159,0.9881255301102629,0.020567185161971393,0.766786289394985,0.04957557756430252,0.23866666666666667,0.11262474565269093,0.7613333333333333,0.11262474565269096,0.987781036168133,0.021163866172640287,0.5541666666666667,0.009305016568138548,0.6334282557169596,0.0009950385908545605,4.5566666666666675,0.11060440015358027,0.0,0.0
merged,base_logs_plus_qa__factor__dare_plus_task_arithmetic,3,0.9283033033033034,0.0666447238866261,0.9283033033033034,0.0666447238866261,1.0,0.0,0.9619991089446236,0.03557983090888682,0.051666666666666666,0.08346456333878069,0.9483333333333333,0.0834645633387807,1.0,0.0,0.6406666666666666,0.07565106300200501,0.5889581044514974,0.0020128419257705492,3.4116666666666666,0.19276496915501357,0.0,0.0
merged,base_logs_plus_qa__factor__dare_plus_ties,3,0.7371796429462193,0.07957117731864652,0.8778751933986592,0.10641483387813114,0.559068192279871,0.3879238443288761,0.6241293251665593,0.2510071137024192,0.2788333333333333,0.3124197230223043,0.7211666666666666,0.3124197230223043,0.4455983070828937,0.48283710351855647,0.6968333333333333,0.003752776749732598,0.6082388361295065,0.007675133058812936,4.12,0.11056672193747989,0.0,0.0
merged,base_logs_plus_qa__factor__model_soup,3,0.6106752885788026,0.04468748211615519,0.6158081388203485,0.039989888440434364,0.9658469945355191,0.05915474069565834,0.7515704242401718,0.04119961478736103,0.2606666666666666,0.09036776711490299,0.7393333333333333,0.09036776711490295,0.9629629629629629,0.06415002990995845,0.5536666666666666,0.022058633986113754,0.6338744759559631,0.0017852001352643338,4.593333333333333,0.02254624876411442,0.0,0.0
merged,base_logs_plus_qa__factor__task_arithmetic,3,0.9361618210502591,0.061435191463676236,0.9361618210502591,0.061435191463676236,1.0,0.0,0.9663371876165611,0.032685396105047664,0.04483333333333326,0.05112321716532843,0.9551666666666666,0.05112321716532845,1.0,0.0,0.6891666666666666,0.014699773240881397,0.5804336071014404,0.010787886651937882,3.3800000000000003,0.07365459931328121,0.0,0.0
merged,base_logs_plus_qa__factor__ties,3,0.5609379171957308,0.046744784218554464,0.5820705579311475,0.017068394970629574,0.6983836845222985,0.5003732731133936,0.5584544466104446,0.311390735452507,0.4186666666666666,0.5034913935047285,0.5813333333333334,0.5034913935047285,0.6950650557620818,0.5089684641066878,0.5148333333333333,0.0050332229568471705,0.6333712736765543,0.0009287947917873534,4.748333333333334,0.11449162997063721,0.0,0.0
merged,cpt_anchor_logs_plus_qa__delta_w__dare_plus_model_soup,3,0.548595028770612,0.00908450773436557,0.9083703703703704,0.07936673225792032,0.09127770277243759,0.025731829062774342,0.1646709017593522,0.04215747771827438,0.8949999999999999,0.1141479303360337,0.105,0.1141479303360337,0.05049265898181707,0.01805029675500894,0.5333333333333333,0.013288466176851744,0.6347460548082987,0.001636395637891453,4.488333333333333,0.04481443219916258,0.0,0.0
merged,cpt_anchor_logs_plus_qa__delta_w__dare_plus_task_arithmetic,3,0.7331365480405893,0.02775956192858565,0.8609573365153264,0.027244694058464258,0.6499521654451232,0.1329033443113244,0.7368965486069287,0.09829326438756653,0.5946666666666666,0.41161703479488476,0.4053333333333333,0.4116170347948847,0.47195272825889995,0.1712933963862745,0.7011666666666668,0.0032145502536643214,0.591135581334432,0.009203057721968775,3.748333333333333,0.26083200212652835,0.0,0.0
merged,cpt_anchor_logs_plus_qa__delta_w__dare_plus_ties,3,0.685216826499422,0.03391643689510922,0.8651415711550904,0.00964762857436053,0.4347069532004128,0.10871457358556212,0.5731403797686776,0.09353755835827081,0.8693333333333334,0.13647466187294013,0.13066666666666665,0.1364746618729401,0.2522636921060208,0.07345336925903227,0.6669999999999999,0.01050000000000001,0.599630614121755,0.009561579850576553,4.038333333333333,0.2447617889568004,0.0,0.0
merged,cpt_anchor_logs_plus_qa__delta_w__model_soup,3,0.5520497328610623,0.013382068755791588,0.9014333164085638,0.0678815306827787,0.0948218127243512,0.027419646639622975,0.17031819166322082,0.04473585557558186,0.866,0.11903465881834585,0.134,0.11903465881834585,0.05241433553068747,0.018585164602172834,0.533,0.013000000000000012,0.6337000131607056,0.0010865794911843003,4.533333333333332,0.046188021535169585,0.0,0.0
merged,cpt_anchor_logs_plus_qa__delta_w__task_arithmetic,3,0.7409887163378771,0.04134034396146464,0.8617455992719817,0.02169780751661111,0.660015919994345,0.1782467202011641,0.739676209467636,0.12685238268753948,0.5778333333333333,0.38663365520002696,0.42216666666666663,0.3866336552000269,0.4899077277857014,0.22167232272794282,0.7023333333333334,0.0035472994422987916,0.5876239339510599,0.009344555762854676,3.7000000000000006,0.28173569173961643,0.0,0.0
merged,cpt_anchor_logs_plus_qa__delta_w__ties,3,0.6301305471817027,0.06541699866670085,0.8793835621595454,0.014773028127113577,0.3135759150963829,0.15333478791239347,0.44780855427781985,0.15657145112746162,0.7520000000000001,0.18503445625072104,0.248,0.18503445625072104,0.18114603403533605,0.09174984231702045,0.608,0.03671511950137167,0.6193594336509705,0.003961553828502801,4.3566666666666665,0.11514483632943893,0.0,0.0
merged,cpt_anchor_logs_plus_qa__factor__dare_plus_model_soup,3,0.6018713450292398,0.08080991671051667,0.9078518912215431,0.06273082094414799,0.24898083381562539,0.27986207192770785,0.3361300906655497,0.305740161516273,0.6086666666666666,0.4112728210486724,0.3913333333333333,0.4112728210486724,0.1620480449489737,0.20138815652239844,0.534,0.014525839046333963,0.631805419921875,0.0005070818099132315,4.505,0.049244289008980334,0.0,0.0
merged,cpt_anchor_logs_plus_qa__factor__dare_plus_task_arithmetic,3,0.7177830568080755,0.10707921739440257,0.7185515217251046,0.10716777033816674,0.9879032258064516,0.020952227510913884,0.828793631566174,0.07304500385024114,0.47300000000000003,0.1944357220265865,0.527,0.19443572202658646,0.9721059972105998,0.04831383005770926,0.6908333333333333,0.04249803917045272,0.5696201920509338,0.0037030005776029617,2.9766666666666666,0.3060364901990175,0.0,0.0
merged,cpt_anchor_logs_plus_qa__factor__dare_plus_ties,3,0.6889847358916442,0.014218414009458755,0.8673471393090099,0.005385265119204984,0.45505564106546154,0.0837434634889158,0.5936297878802345,0.07216564499176077,0.908,0.09030088593142371,0.09200000000000001,0.09030088593142373,0.26904274550686785,0.06805455800430497,0.6903333333333332,0.009411871935663662,0.6045620242754618,0.005784328897942258,4.088333333333334,0.13194064322009857,0.0,0.0
merged,cpt_anchor_logs_plus_qa__factor__model_soup,3,0.5903399984576572,0.05878678713300998,0.9089498442618051,0.04624827962363261,0.21411828682868284,0.20821609247423817,0.313800401564805,0.24837667304592698,0.5946666666666667,0.4042543547487564,0.4053333333333333,0.4042543547487564,0.131254967629162,0.14191705443073407,0.5323333333333333,0.01144916299706375,0.6341401934623718,0.002603491031747602,4.516666666666667,0.06027713773341715,0.0,0.0
merged,cpt_anchor_logs_plus_qa__factor__task_arithmetic,3,0.7251792872140267,0.09395968550697253,0.7216321513879548,0.09567132352997428,0.9869402985074626,0.022620066516757742,0.831535968484541,0.06572644054598142,0.46366666666666667,0.12542361553285467,0.5363333333333333,0.12542361553285464,0.9621301775147929,0.06559245661799297,0.7045,0.03075304862936356,0.5784181356430054,0.007567012635260237,3.265,0.2206807649071391,0.0,0.0
merged,cpt_anchor_logs_plus_qa__factor__ties,3,0.7057546794105933,0.22407202938675258,1.0,0.0,0.3989366515837104,0.5508713779044702,0.4501842243777727,0.6102843547980444,0.16849999999999996,0.25757377583907876,0.8315,0.25757377583907876,0.255236957387495,0.35487692777829044,0.5188333333333333,0.012055427546683426,0.6385871569315592,0.001084172778064021,4.575,0.018027756377320053,0.0,0.0
