group,model,logs_accuracy,logs_precision_anomaly,logs_recall_anomaly,logs_f1_anomaly,qa_semantic_similarity_mean,qa_llm_judge_mean_0_5
baseline,base,0.4960 ± 0.0000,0.5229 ± 0.0000,0.1120 ± 0.0000,0.1845 ± 0.0000,0.5870 ± 0.0000,3.0385 ± 0.0000
baseline,cpt,0.5355 ± 0.0004,0.5653 ± 0.0009,0.3472 ± 0.0017,0.4302 ± 0.0012,0.6299 ± 0.0005,4.7625 ± 0.0487
baseline,cpt_ft_logs,0.7115 ± 0.0007,0.7746 ± 0.0282,0.6089 ± 0.0426,0.6800 ± 0.0156,0.6061 ± 0.0116,4.7458 ± 0.1835
baseline,cpt_ft_qa,0.5033 ± 0.0005,0.5401 ± 0.0023,0.1112 ± 0.0005,0.1845 ± 0.0008,0.6225 ± 0.0025,4.9354 ± 0.0029
baseline,ft_logs,0.7080 ± 0.0039,0.7896 ± 0.0271,0.5782 ± 0.0357,0.6661 ± 0.0140,0.5930 ± 0.0116,4.8813 ± 0.0234
baseline,ft_qa,0.5038 ± 0.0012,0.5420 ± 0.0055,0.1129 ± 0.0014,0.1868 ± 0.0022,0.6152 ± 0.0018,4.9125 ± 0.0153
baseline,multitask_lora,0.5743 ± 0.0088,0.6379 ± 0.0201,0.3749 ± 0.0881,0.4647 ± 0.0611,0.5876 ± 0.0052,4.2488 ± 0.0615
baseline,multitask_lora_on_cpt,0.5710 ± 0.0160,0.5888 ± 0.0377,0.5729 ± 0.1592,0.5648 ± 0.0545,0.5883 ± 0.0044,3.9875 ± 0.0802
merged,cpt_plus_logs_plus_qa__dare_plus_model_soup,0.5000 ± 0.0022,0.5313 ± 0.0129,0.1657 ± 0.0375,0.2497 ± 0.0433,0.5525 ± 0.0022,2.5738 ± 0.0879
merged,cpt_plus_logs_plus_qa__dare_plus_task_arithmetic,0.5000 ± 0.0022,0.5313 ± 0.0129,0.1657 ± 0.0375,0.2497 ± 0.0433,0.5525 ± 0.0022,2.5738 ± 0.0879
merged,cpt_plus_logs_plus_qa__dare_plus_ties,0.5817 ± 0.0486,0.7181 ± 0.1474,0.5416 ± 0.3214,0.5282 ± 0.1043,0.4266 ± 0.0096,0.5570 ± 0.1886
merged,cpt_plus_logs_plus_qa__model_soup,0.5023 ± 0.0005,0.5374 ± 0.0100,0.1709 ± 0.0405,0.2562 ± 0.0466,0.5510 ± 0.0022,2.6160 ± 0.0569
merged,cpt_plus_logs_plus_qa__task_arithmetic,0.5023 ± 0.0005,0.5374 ± 0.0100,0.1709 ± 0.0405,0.2562 ± 0.0466,0.5510 ± 0.0022,2.6160 ± 0.0569
merged,cpt_plus_logs_plus_qa__ties,0.5010 ± 0.0000,0.5463 ± 0.0000,0.1159 ± 0.0000,0.1912 ± 0.0000,0.5457 ± 0.0041,2.5063 ± 0.2600
merged,ft_logs_plus_qa__dare_plus_model_soup,0.5190 ± 0.0106,0.6705 ± 0.1208,0.1270 ± 0.0162,0.2111 ± 0.0183,0.5319 ± 0.0025,1.7764 ± 0.1388
merged,ft_logs_plus_qa__dare_plus_task_arithmetic,0.5190 ± 0.0106,0.6705 ± 0.1208,0.1270 ± 0.0162,0.2111 ± 0.0183,0.5319 ± 0.0025,1.7764 ± 0.1388
merged,ft_logs_plus_qa__dare_plus_ties,0.6157 ± 0.0050,0.8124 ± 0.0229,0.3189 ± 0.0040,0.4579 ± 0.0040,0.4959 ± 0.0092,1.2629 ± 0.0885
merged,ft_logs_plus_qa__model_soup,0.5150 ± 0.0071,0.6157 ± 0.0517,0.1316 ± 0.0070,0.2163 ± 0.0067,0.5282 ± 0.0055,1.6920 ± 0.1940
merged,ft_logs_plus_qa__task_arithmetic,0.5150 ± 0.0071,0.6157 ± 0.0517,0.1316 ± 0.0070,0.2163 ± 0.0067,0.5282 ± 0.0055,1.6920 ± 0.1940
merged,ft_logs_plus_qa__ties,0.5013 ± 0.0005,0.5477 ± 0.0020,0.1166 ± 0.0009,0.1922 ± 0.0014,0.5633 ± 0.0036,2.4684 ± 0.1701
merged,seq_cpt_then_logs_then_qa,0.5003 ± 0.0009,0.5428 ± 0.0050,0.1166 ± 0.0009,0.1919 ± 0.0009,0.5121 ± 0.0015,1.3797 ± 0.0474
merged,seq_cpt_then_qa_then_logs,0.5243 ± 0.0019,0.7440 ± 0.1459,0.1205 ± 0.0330,0.2023 ± 0.0459,0.5705 ± 0.0025,2.9114 ± 0.2098
merged,seq_logs_then_qa_then_cpt,0.4960 ± 0.0036,0.5216 ± 0.0176,0.1303 ± 0.0130,0.2080 ± 0.0153,0.5615 ± 0.0019,2.4304 ± 0.1591
